Customer_ID,Age,Gender,City,Purchase_Frequency,Total_Purchases,Average_Order_Value,Days_Since_Last_Purchase,Support_Tickets,Discount_Used,Payment_Method,Churn,Source
1001,24,Male,Surat,Monthly,3,1850.0,12,1.0,No,UPI,No,CSV
1002,31,Female,Mumbai,Weekly,18,2450.0,5,0.0,Yes,Card,No,CSV
1003,45,Male,Delhi,Rarely,2,950.0,120,4.0,No,Cash,Yes,CSV
1004,28,Female,Pune,Monthly,7,1750.0,35,1.0,Yes,UPI,No,CSV
1005,52,Male,Ahmedabad,Rarely,1,700.0,180,5.0,No,Cash,Yes,CSV
1006,36,Female,Bengaluru,Weekly,22,3200.0,3,0.0,Yes,Card,No,CSV
1007,29,Male,Surat,Monthly,9,2100.0,28,,Yes,UPI,No,CSV
1008,41,Female,Jaipur,Rarely,3,1100.0,95,3.0,No,Card,Yes,CSV
1009,23,Male,Pune,Weekly,15,1950.0,7,0.0,Yes,UPI,No,JSON
1010,48,Female,Delhi,Rarely,2,850.0,150,4.0,No,Cash,Yes,JSON
1011,34,Male,Mumbai,Monthly,8,2650.0,22,1.0,Yes,Card,No,JSON
1012,27,Female,Surat,Weekly,20,2300.0,4,0.0,Yes,UPI,No,JSON
1013,39,Male,Ahmedabad,Monthly,6,1400.0,45,2.0,No,UPI,No,JSON
1014,55,Female,Delhi,Rarely,1,650.0,210,6.0,No,Cash,Yes,JSON
1015,30,Male,Bengaluru,Weekly,25,3500.0,2,0.0,Yes,Card,No,JSON
1016,43,Female,Pune,Monthly,5,,60,2.0,No,UPI,Yes,SQL
1017,26,Male,Surat,Monthly,10,1900.0,18,1.0,Yes,UPI,No,SQL
1018,37,Female,Mumbai,Weekly,16,2850.0,6,0.0,Yes,Card,No,SQL
1019,50,Male,Jaipur,Rarely,2,900.0,135,5.0,No,Cash,Yes,SQL
1020,32,Female,Ahmedabad,Monthly,7,1700.0,40,1.0,Yes,UPI,No,SQL
1021,46,Male,Delhi,Rarely,3,1050.0,110,3.0,No,Card,Yes,SQL
1022,25,Female,Surat,Weekly,19,2200.0,8,0.0,Yes,UPI,No,SQL
1023,35,Male,Pune,Monthly,6,1600.0,52,2.0,,Card,No,API
1024,58,Female,Mumbai,Rarely,1,600.0,240,7.0,No,Cash,Yes,API
1025,29,Male,Bengaluru,Weekly,21,3100.0,4,0.0,Yes,Card,No,API
1026,40,Female,Jaipur,Monthly,8,1850.0,30,1.0,Yes,UPI,No,API
1027,33,Male,Ahmedabad,Monthly,5,1250.0,70,3.0,No,UPI,Yes,API
1028,47,Female,Delhi,Rarely,2,780.0,165,4.0,No,Cash,Yes,API
1029,22,Male,Surat,Weekly,14,1800.0,9,0.0,Yes,UPI,No,API
1030,38,Female,Pune,Monthly,9,2150.0,25,1.0,Yes,Card,No,API
1003,45,Male,Delhi,Rarely,2,950.0,120,4.0,No,Cash,Yes,CSV
